[
  {
    "value": "logout",
    "synonyms": [
      "logout",
      "log out",
      "log me out",
      "logme out"
    ]
  },
  {
    "value": "reset",
    "synonyms": [
      "reset",
      "reset my credentials",
      "reset credentails"
    ]
  },
  {
    "value": "delete my credentials",
    "synonyms": [
      "delete my credentails",
      "delete credentails"
    ]
  },
  {
    "value": "exit",
    "synonyms": [
      "exit",
      "exit from server",
      "exit me",
      "exit me from the server"
    ]
  },
  {
    "value": "unlink",
    "synonyms": [
      "unlink",
      "delink"
    ]
  }
]