[
  {
    "id": "d1c30f78-e76d-4b94-aeb2-295327083fcb",
    "data": [
      {
        "text": "list",
        "alias": "List-Of-Functionalities",
        "meta": "@List-Of-Functionalities",
        "userDefined": false
      },
      {
        "text": " me your functionalities",
        "userDefined": false
      }
    ],
    "isTemplate": false,
    "count": 0,
    "updated": 0
  },
  {
    "id": "5d980ce0-d1ea-4bfe-89a8-e931dca84baa",
    "data": [
      {
        "text": "do",
        "alias": "List-Of-Functionalities",
        "meta": "@List-Of-Functionalities",
        "userDefined": true
      },
      {
        "text": " me a favour",
        "userDefined": false
      }
    ],
    "isTemplate": false,
    "count": 0,
    "updated": 0
  },
  {
    "id": "84f0385b-4121-43ec-8629-529a838cd039",
    "data": [
      {
        "text": "help",
        "alias": "List-Of-Functionalities",
        "meta": "@List-Of-Functionalities",
        "userDefined": false
      },
      {
        "text": " me in ",
        "userDefined": false
      },
      {
        "text": "some way",
        "meta": "@sys.ignore",
        "userDefined": false
      }
    ],
    "isTemplate": false,
    "count": 0,
    "updated": 0
  },
  {
    "id": "7fafcf39-4296-4f52-b0d6-e0b76e4e2c4e",
    "data": [
      {
        "text": "do",
        "alias": "List-Of-Functionalities",
        "meta": "@List-Of-Functionalities",
        "userDefined": true
      },
      {
        "text": " something for me",
        "userDefined": false
      }
    ],
    "isTemplate": false,
    "count": 0,
    "updated": 0
  },
  {
    "id": "20f67ed2-20af-4d02-b7bc-e26e5bae5b9f",
    "data": [
      {
        "text": "what can you ",
        "userDefined": false
      },
      {
        "text": "do",
        "alias": "List-Of-Functionalities",
        "meta": "@List-Of-Functionalities",
        "userDefined": true
      },
      {
        "text": " for me ",
        "userDefined": false
      },
      {
        "text": "today",
        "meta": "@sys.ignore",
        "userDefined": false
      },
      {
        "text": "?",
        "userDefined": false
      }
    ],
    "isTemplate": false,
    "count": 0,
    "updated": 0
  },
  {
    "id": "a63500e5-fefa-4db1-87ba-3d47ce2160c1",
    "data": [
      {
        "text": "help",
        "alias": "List-Of-Functionalities",
        "meta": "@List-Of-Functionalities",
        "userDefined": false
      }
    ],
    "isTemplate": false,
    "count": 0,
    "updated": 0
  },
  {
    "id": "16065092-7568-49b3-93ed-dd61074ca80c",
    "data": [
      {
        "text": "please ",
        "userDefined": false
      },
      {
        "text": "help",
        "alias": "List-Of-Functionalities",
        "meta": "@List-Of-Functionalities",
        "userDefined": false
      },
      {
        "text": " me",
        "userDefined": false
      }
    ],
    "isTemplate": false,
    "count": 0,
    "updated": 0
  },
  {
    "id": "be1b4854-9ea3-4236-9206-3f0abfdb9e35",
    "data": [
      {
        "text": "help",
        "alias": "List-Of-Functionalities",
        "meta": "@List-Of-Functionalities",
        "userDefined": false
      },
      {
        "text": " me please",
        "userDefined": false
      }
    ],
    "isTemplate": false,
    "count": 0,
    "updated": 0
  },
  {
    "id": "c465482e-b277-4bd3-ad5e-99abe4171004",
    "data": [
      {
        "text": "how can you ",
        "userDefined": false
      },
      {
        "text": "help",
        "alias": "List-Of-Functionalities",
        "meta": "@List-Of-Functionalities",
        "userDefined": false
      },
      {
        "text": " me?",
        "userDefined": false
      }
    ],
    "isTemplate": false,
    "count": 0,
    "updated": 0
  },
  {
    "id": "2bd0cb33-dc49-4a7a-a0e0-e001c5daa551",
    "data": [
      {
        "text": "help",
        "alias": "List-Of-Functionalities",
        "meta": "@List-Of-Functionalities",
        "userDefined": false
      },
      {
        "text": " me",
        "userDefined": false
      }
    ],
    "isTemplate": false,
    "count": 0,
    "updated": 0
  }
]