[
  {
    "id": "66ba8d13-e290-45f9-aaa9-bb1f3c9386bf",
    "data": [
      {
        "text": "finish",
        "alias": "logout",
        "meta": "@logout",
        "userDefined": true
      },
      {
        "text": " everything",
        "userDefined": false
      }
    ],
    "isTemplate": false,
    "count": 0,
    "updated": 0
  },
  {
    "id": "f0bf0375-2964-4ec3-a4a2-559631d7d9d5",
    "data": [
      {
        "text": "finish",
        "alias": "logout",
        "meta": "@logout",
        "userDefined": true
      },
      {
        "text": " everythin",
        "userDefined": false
      }
    ],
    "isTemplate": false,
    "count": 0,
    "updated": 0
  },
  {
    "id": "1269c2b3-a9af-4a2e-ab78-0e625a039d65",
    "data": [
      {
        "text": "end",
        "alias": "logout",
        "meta": "@logout",
        "userDefined": true
      },
      {
        "text": " everything",
        "userDefined": false
      }
    ],
    "isTemplate": false,
    "count": 0,
    "updated": 0
  },
  {
    "id": "fc60e450-5e30-46b5-8244-f801c3efa34c",
    "data": [
      {
        "text": "reset my credentials",
        "alias": "logout",
        "meta": "@logout",
        "userDefined": false
      }
    ],
    "isTemplate": false,
    "count": 0,
    "updated": 0
  },
  {
    "id": "20799dd6-f79d-468f-bffb-3fcb898eb14f",
    "data": [
      {
        "text": "reset",
        "alias": "logout",
        "meta": "@logout",
        "userDefined": false
      },
      {
        "text": " everything",
        "userDefined": false
      }
    ],
    "isTemplate": false,
    "count": 0,
    "updated": 0
  },
  {
    "id": "f70546a5-8e26-4d8a-a342-dbdf340ea084",
    "data": [
      {
        "text": "reset",
        "alias": "logout",
        "meta": "@logout",
        "userDefined": false
      },
      {
        "text": " all",
        "userDefined": false
      }
    ],
    "isTemplate": false,
    "count": 0,
    "updated": 0
  },
  {
    "id": "5cb9c877-7292-4667-afec-cc00be642432",
    "data": [
      {
        "text": "hey i want to ",
        "userDefined": false
      },
      {
        "text": "logout",
        "alias": "logout",
        "meta": "@logout",
        "userDefined": false
      }
    ],
    "isTemplate": false,
    "count": 0,
    "updated": 0
  },
  {
    "id": "fd1ecaa0-ec3b-46f6-ba61-c9c826482e61",
    "data": [
      {
        "text": "logme out",
        "alias": "logout",
        "meta": "@logout",
        "userDefined": false
      }
    ],
    "isTemplate": false,
    "count": 0,
    "updated": 0
  },
  {
    "id": "959b7e51-9203-4e78-b9c1-f2853cefb63c",
    "data": [
      {
        "text": "log out",
        "alias": "logout",
        "meta": "@logout",
        "userDefined": false
      },
      {
        "text": " me",
        "userDefined": false
      }
    ],
    "isTemplate": false,
    "count": 0,
    "updated": 0
  },
  {
    "id": "5f6f3008-15ed-4570-be3a-5f315a2f0019",
    "data": [
      {
        "text": "log me out",
        "alias": "logout",
        "meta": "@logout",
        "userDefined": false
      }
    ],
    "isTemplate": false,
    "count": 0,
    "updated": 0
  },
  {
    "id": "66fe27b5-7068-4238-bfa2-e89aadb1f3e3",
    "data": [
      {
        "text": "logout",
        "alias": "logout",
        "meta": "@logout",
        "userDefined": false
      }
    ],
    "isTemplate": false,
    "count": 0,
    "updated": 0
  }
]