[
  {
    "id": "16c41f57-5a3b-42b1-93e3-d722fd039694",
    "data": [
      {
        "text": "get all my outpass id\u0027s",
        "alias": "history",
        "meta": "@history",
        "userDefined": false
      }
    ],
    "isTemplate": false,
    "count": 0,
    "updated": 0
  },
  {
    "id": "4f6ee458-4950-446a-b9cf-95737c17c0e1",
    "data": [
      {
        "text": "get my outpass id",
        "alias": "history",
        "meta": "@history",
        "userDefined": false
      },
      {
        "text": "\u0027s",
        "userDefined": false
      }
    ],
    "isTemplate": false,
    "count": 0,
    "updated": 0
  },
  {
    "id": "05388c27-be6b-41ba-a1f1-11822f0deb49",
    "data": [
      {
        "text": "show",
        "meta": "@sys.ignore",
        "userDefined": false
      },
      {
        "text": " my ",
        "userDefined": false
      },
      {
        "text": "outpass history",
        "alias": "history",
        "meta": "@history",
        "userDefined": false
      }
    ],
    "isTemplate": false,
    "count": 0,
    "updated": 0
  },
  {
    "id": "96cefc7a-3fa6-4013-a006-9d3b993616bf",
    "data": [
      {
        "text": "show",
        "meta": "@sys.ignore",
        "userDefined": false
      },
      {
        "text": " ",
        "userDefined": false
      },
      {
        "text": "history",
        "alias": "history",
        "meta": "@history",
        "userDefined": false
      }
    ],
    "isTemplate": false,
    "count": 0,
    "updated": 0
  },
  {
    "id": "1399a94e-1762-4418-8044-c42c683831a0",
    "data": [
      {
        "text": "past ",
        "userDefined": false
      },
      {
        "text": "history",
        "alias": "history",
        "meta": "@history",
        "userDefined": false
      }
    ],
    "isTemplate": false,
    "count": 0,
    "updated": 0
  },
  {
    "id": "92bdeaa3-114c-4e49-8c26-e873b5c9057e",
    "data": [
      {
        "text": "history",
        "alias": "history",
        "meta": "@history",
        "userDefined": false
      },
      {
        "text": " please",
        "userDefined": false
      }
    ],
    "isTemplate": false,
    "count": 0,
    "updated": 0
  },
  {
    "id": "17ab58a2-7300-46ab-99d4-41994fbca17c",
    "data": [
      {
        "text": "history",
        "alias": "history",
        "meta": "@history",
        "userDefined": false
      }
    ],
    "isTemplate": false,
    "count": 0,
    "updated": 0
  },
  {
    "id": "489f015c-e011-49a5-a862-8b170bd39603",
    "data": [
      {
        "text": "show my ",
        "userDefined": false
      },
      {
        "text": "past",
        "alias": "history",
        "meta": "@history",
        "userDefined": true
      },
      {
        "text": " details",
        "userDefined": false
      }
    ],
    "isTemplate": false,
    "count": 0,
    "updated": 0
  },
  {
    "id": "52074bb4-87e7-4af5-861b-4db4be493103",
    "data": [
      {
        "text": "past details",
        "alias": "history",
        "meta": "@history",
        "userDefined": true
      }
    ],
    "isTemplate": false,
    "count": 0,
    "updated": 0
  },
  {
    "id": "c4b16f55-497f-4429-aacb-a422dac988f6",
    "data": [
      {
        "text": "show ",
        "userDefined": false
      },
      {
        "text": "my history",
        "alias": "history",
        "meta": "@history",
        "userDefined": false
      }
    ],
    "isTemplate": false,
    "count": 0,
    "updated": 0
  },
  {
    "id": "70ae6565-8bd4-424f-9caf-7adbd130ad8a",
    "data": [
      {
        "text": "show me ",
        "userDefined": false
      },
      {
        "text": "my history",
        "alias": "history",
        "meta": "@history",
        "userDefined": false
      }
    ],
    "isTemplate": false,
    "count": 0,
    "updated": 0
  },
  {
    "id": "b4caefde-10a0-4208-b833-2e6d423ae11d",
    "data": [
      {
        "text": "outpass history",
        "alias": "history",
        "meta": "@history",
        "userDefined": false
      }
    ],
    "isTemplate": false,
    "count": 0,
    "updated": 0
  }
]