[
  {
    "id": "8470e4b8-b8e3-4449-a507-5c591f2f662d",
    "data": [
      {
        "text": "save",
        "alias": "save-outpass",
        "meta": "@save-outpass",
        "userDefined": false
      },
      {
        "text": " ",
        "userDefined": false
      },
      {
        "text": "draft",
        "alias": "save-outpass1",
        "meta": "@save-outpass",
        "userDefined": false
      }
    ],
    "isTemplate": false,
    "count": 0,
    "updated": 0
  },
  {
    "id": "7f50c003-e85c-4e49-99fe-0fe2c7cdecd8",
    "data": [
      {
        "text": "draft",
        "alias": "save-outpass",
        "meta": "@save-outpass",
        "userDefined": false
      }
    ],
    "isTemplate": false,
    "count": 0,
    "updated": 0
  },
  {
    "id": "4583ea29-ef39-44b6-b528-6b974cb03868",
    "data": [
      {
        "text": "draft it",
        "alias": "save-outpass",
        "meta": "@save-outpass",
        "userDefined": false
      }
    ],
    "isTemplate": false,
    "count": 0,
    "updated": 0
  },
  {
    "id": "70c36322-65ae-46eb-a221-028eebc85537",
    "data": [
      {
        "text": "save",
        "alias": "save-outpass",
        "meta": "@save-outpass",
        "userDefined": false
      }
    ],
    "isTemplate": false,
    "count": 0,
    "updated": 0
  },
  {
    "id": "7e8ecf6c-6ec4-42dd-a0cc-261564a4ac90",
    "data": [
      {
        "text": "save it",
        "alias": "save-outpass",
        "meta": "@save-outpass",
        "userDefined": false
      }
    ],
    "isTemplate": false,
    "count": 0,
    "updated": 0
  },
  {
    "id": "a4481f4c-e67b-4475-98f8-ed59ade34505",
    "data": [
      {
        "text": "save as draft",
        "alias": "save-outpass",
        "meta": "@save-outpass",
        "userDefined": false
      }
    ],
    "isTemplate": false,
    "count": 0,
    "updated": 0
  }
]