[
  {
    "id": "e04cb949-0b79-4566-a49f-f14af929bd25",
    "data": [
      {
        "text": "save outpass",
        "alias": "save-outpass",
        "meta": "@save-outpass",
        "userDefined": false
      }
    ],
    "isTemplate": false,
    "count": 0,
    "updated": 0
  },
  {
    "id": "e88535ba-0bdf-49f2-9d6b-810d50fbe5d8",
    "data": [
      {
        "text": "save",
        "alias": "save-outpass",
        "meta": "@save-outpass",
        "userDefined": false
      }
    ],
    "isTemplate": false,
    "count": 0,
    "updated": 0
  },
  {
    "id": "71b51724-a187-496e-84ce-801e5a6943fd",
    "data": [
      {
        "text": "save it",
        "alias": "save-outpass",
        "meta": "@save-outpass",
        "userDefined": false
      }
    ],
    "isTemplate": false,
    "count": 0,
    "updated": 0
  },
  {
    "id": "5dcdf931-5d9e-44e4-a429-faa80584dbc1",
    "data": [
      {
        "text": "save my outpass",
        "alias": "save-outpass",
        "meta": "@save-outpass",
        "userDefined": false
      }
    ],
    "isTemplate": false,
    "count": 0,
    "updated": 0
  }
]