[
  {
    "id": "d76e0df8-b5e0-4813-b87b-b26fa76b72a5",
    "data": [
      {
        "text": "send",
        "alias": "send-outpass",
        "meta": "@send-outpass",
        "userDefined": false
      },
      {
        "text": " outpass ",
        "userDefined": false
      },
      {
        "text": "8",
        "alias": "outpassId",
        "meta": "@sys.number",
        "userDefined": false
      }
    ],
    "isTemplate": false,
    "count": 0,
    "updated": 0
  },
  {
    "id": "79248918-5d01-431c-b062-f24019d86655",
    "data": [
      {
        "text": "send",
        "alias": "send-outpass",
        "meta": "@send-outpass",
        "userDefined": false
      },
      {
        "text": " saved outpass",
        "userDefined": false
      }
    ],
    "isTemplate": false,
    "count": 0,
    "updated": 0
  },
  {
    "id": "17e4fe93-e1d3-4348-a96a-5b167ccd0e23",
    "data": [
      {
        "text": "send",
        "alias": "send-outpass",
        "meta": "@send-outpass",
        "userDefined": false
      },
      {
        "text": " outpass",
        "userDefined": false
      }
    ],
    "isTemplate": false,
    "count": 0,
    "updated": 0
  },
  {
    "id": "5784b1fa-fb3f-4381-ab6f-72adc922a298",
    "data": [
      {
        "text": "send",
        "alias": "send-outpass",
        "meta": "@send-outpass",
        "userDefined": false
      },
      {
        "text": " saved outpass with id ",
        "userDefined": false
      },
      {
        "text": "35",
        "alias": "outpassId",
        "meta": "@sys.number",
        "userDefined": false
      }
    ],
    "isTemplate": false,
    "count": 0,
    "updated": 0
  },
  {
    "id": "f5c15825-10fe-4f94-bda2-db1c7bed6764",
    "data": [
      {
        "text": "send",
        "alias": "send-outpass",
        "meta": "@send-outpass",
        "userDefined": false
      },
      {
        "text": " outpass with id ",
        "userDefined": false
      },
      {
        "text": "45",
        "alias": "outpassId",
        "meta": "@sys.number",
        "userDefined": false
      }
    ],
    "isTemplate": false,
    "count": 0,
    "updated": 0
  }
]